{
  "last": "Default",
  "backgroundType": "DEFAULT",
  "commonDirType": "DEFAULT",
  "commonpath": "C:\\Users\\29001\\AppData\\Roaming\\.minecraft",
  "hasProxy": false,
  "hasProxyAuth": false,
  "proxyType": "HTTP",
  "proxyPort": 0,
  "width": 818.0,
  "height": 508.0,
  "theme": "#5c6bc0",
  "localization": "def",
  "autoDownloadThreads": false,
  "downloadThreads": 64,
  "downloadType": "mcbbs",
  "autoChooseDownloadType": true,
  "versionListSource": "balanced",
  "configurations": {
    "Default": {
      "global": {
        "usesGlobal": true,
        "javaArgs": "",
        "minecraftArgs": "",
        "maxMemory": 3968,
        "autoMemory": true,
        "permSize": "",
        "width": 854,
        "height": 480,
        "javaDir": "",
        "precalledCommand": "",
        "postExitCommand": "",
        "serverIp": "",
        "java": "Auto",
        "wrapper": "",
        "fullscreen": false,
        "noJVMArgs": false,
        "notCheckGame": false,
        "notCheckJVM": false,
        "notPatchNatives": false,
        "showLogs": false,
        "gameDir": "",
        "launcherVisibility": 1,
        "processPriority": 2,
        "useSoftwareRenderer": false,
        "useNativeGLFW": false,
        "useNativeOpenAL": false,
        "gameDirType": 0,
        "defaultJavaPath": "",
        "nativesDir": "",
        "nativesDirType": 0,
        "versionIcon": 0
      },
      "gameDir": ".minecraft",
      "useRelativePath": true,
      "selectedMinecraftVersion": "1.15.2"
    },
    "Home": {
      "global": {
        "usesGlobal": true,
        "javaArgs": "",
        "minecraftArgs": "",
        "maxMemory": 3968,
        "autoMemory": true,
        "permSize": "",
        "width": 854,
        "height": 480,
        "javaDir": "",
        "precalledCommand": "",
        "postExitCommand": "",
        "serverIp": "",
        "java": "",
        "wrapper": "",
        "fullscreen": false,
        "noJVMArgs": false,
        "notCheckGame": false,
        "notCheckJVM": false,
        "notPatchNatives": false,
        "showLogs": false,
        "gameDir": "",
        "launcherVisibility": 1,
        "processPriority": 2,
        "useSoftwareRenderer": false,
        "useNativeGLFW": false,
        "useNativeOpenAL": false,
        "gameDirType": 0,
        "defaultJavaPath": "",
        "nativesDir": "",
        "nativesDirType": 0,
        "versionIcon": 0
      },
      "gameDir": "C:\\Users\\29001\\AppData\\Roaming\\.minecraft",
      "useRelativePath": false,
      "selectedMinecraftVersion": ""
    }
  },
  "accounts": [
    {
      "uuid": "75f41576c9ae3be19e5af6091a7fa867",
      "username": "123",
      "type": "offline",
      "selected": true
    }
  ],
  "fontFamily": "Consolas",
  "fontSize": 12.0,
  "logLines": 100,
  "titleTransparent": false,
  "authlibInjectorServers": [],
  "_version": 0,
  "uiVersion": 0
}